,url,source,authors,title,pubDate,country,language,description,imageUrl,content
0,https://www.cbsnews.com/video/60-minutes-examines-the-effects-of-the-water-crisis-on-jackson-mississippi-residents/,cbsnews.com,['CBS News'],"""60 Minutes+"" examines the effects of the water crisis on Jackson, Mississippi residents",2021-04-23T12:09:13+00:00,us,en,"""60 Minutes+"" examines the effects of the water crisis on Jackson, Mississippi residents  CBS News",https://cbsnews2.cbsistatic.com/hub/i/r/2021/04/23/e7a2a1e0-0810-4607-b373-36850ba10253/thumbnail/1200x630/009f9e34350814ba6139729b980eec86/cbsn-fusion-60-minutes-examines-the-effects-of-the-water-crisis-on-jackson-mississippi-residents-thumbnail-699467-640x360.jpg,"""60 Minutes+"" examines the effects of the water crisis on Jackson, Mississippi residents ""60 Minutes+"" correspondent Wesley Lowery joins ""CBS This Morning"" with a preview of his report on the failing infrastructure that contributed to the water crisi ... [+172 chars]"
1,https://abcnews.go.com/GMA/Living/jackson-mississippi-ongoing-water-crisis-heres-impacting-citizens/story?id=76840472,abcnews.go.com,['Shannon McLellan'],"Jackson, Mississippi has an ongoing water crisis. Here’s how it’s impacting citizens.",2021-04-19T08:40:59+00:00,us,en,"Jackson, Mississippi has an ongoing water crisis. Here’s how it’s impacting citizens.  ABC News",https://s.abcnews.com/images/GMA/WaterCrisisMainImage_v03_DG_1617650885297_hpMain_16x9_992.jpg,"“GMA” spoke with citizens of Jackson to learn how the water crisis impacts them.

When winter storms swept throughout the South in mid-February, millions of people lost power and water for days. One of the cities hit hardest was Jackson, Mississippi. ... [+10945 chars]"
2,https://www.yahoo.com/gma/jackson-mississippi-ongoing-water-crisis-080438715.html,yahoo.com,['SHANNON MCLELLAN'],"Jackson, Mississippi has an ongoing water crisis. Here’s how it’s impacting its citizens.",2021-04-19T08:04:38+00:00,us,en,"Jackson, Mississippi has an ongoing water crisis. Here’s how it’s impacting its citizens.  Yahoo! Voices",https://s.yimg.com/uu/api/res/1.2/zdr_vJxhjpHFMUhcDeZbVQ--~B/aD00NTY7dz02MDg7YXBwaWQ9eXRhY2h5b24-/https://media.zenfs.com/en/us.abcnews.gma.com/caaf931d516ba6add65dfb98f9a4f67c,"When winter storms swept throughout the South in mid-February, millions of people lost power and water for days. One of the cities hit hardest was Jackson, Mississippi.

The capital city of Mississippi went without clean water for nearly a month. Som ... [+11260 chars]"
3,https://www.wbur.org/hereandnow/2021/05/04/jackson-water-infrastructure,wbur.org,['WBUR'],"The History Of Jackson, Mississippi's Water Crisis | Here & Now",2021-05-04T15:36:38+00:00,us,en,"The History Of Jackson, Mississippi's Water Crisis | Here & Now  Here And Now",http://d279m997dpfwgl.cloudfront.net/wp/2021/05/AP21071056356003-1000x667.jpg,"A water crisis in Jackson, Mississippi, came to head this winter when freezing storms wreaked havoc on the city's crumbling infrastructure, leaving residents without running water for an entire month.

Here & Now's Tonya Mosley speaks with Dominika P ... [+132 chars]"
4,https://www.cnbc.com/video/2021/03/01/thousands-go-without-water-in-mississippi-amid-crisis-state-rep-ronnie-crudup.html,cnbc.com,[],Thousands go without water in Mississippi amid crisis: State Rep. Ronnie Crudup,2021-03-01T19:28:34+00:00,us,en,"Mississippi State Rep. Ronnie Crudup, Jr. (D) talks with CNBC's Brian Sullivan about the severity of the water crisis in the state. Thousands can't bathe, cook or find shelter in Jackson, Mississippi, he says.",https://image.cnbcfm.com/api/v1/image/106847356-Thousands-go-without-water-in-Mississippi-amid-crisis-Rep-Crudup-jpg?v=1614626831,"Thousands go without water in Mississippi amid crisis: State Rep. Ronnie Crudup

Mississippi State Rep. Ronnie Crudup, Jr. (D) talks with CNBC's Brian Sullivan about the severity of the water crisis in the state. Thousands can't bathe, cook or find s ... [+40 chars]"
5,https://thirdbranch.crooksandliars.com/2021/03/jackson-mississippi-two-weeks-without#comments-inner,thirdbranch.crooksandliars.com,['Common Dreams'],Jackson Mississippi: Two Weeks Without Running Water,2021-03-02T21:14:47+00:00,us,en,The Texas Freeze got all the attention.  But Jackson Mississippi is still without water two weeks later.,https://crooksandliars.com/files/embeds/2021/03/44497.jpg,"""It's been two weeks and I know families with infants who don't have water. The city needs help. I'm thankful my water is trickling out enough to flush my toilet but dang. This just needs to be fixed at this point. It just needs to be fixed.""

That's ... [+5182 chars]"
10,https://www.cbsnews.com/video/60-minutes-explores-jackson-mississippis-failing-infrastructure-and-severe-water-crisis/,cbsnews.com,['CBS News'],"""60 Minutes+"" explores Jackson, Mississippi's failing infrastructure and severe water crisis",2021-04-23T14:00:25+00:00,us,en,"""60 Minutes+"" explores Jackson, Mississippi's failing infrastructure and severe water crisis  CBS News",https://cbsnews1.cbsistatic.com/hub/i/r/2021/04/23/f062f195-5b25-46b4-991c-0de440e20065/thumbnail/1200x630/b503d77982b359aab5a29e83a110540c/0423-cbsnam-60minutes-699606-640x360.jpg,"Movements for racial justice and the environment have been major themes around the world, but Jackson, Mississippi, has become a city at the intersection of both issues. Two winter storms took out critical infrastructure in the mostly Black city, lea ... [+183 chars]"
12,https://us.cnn.com/2021/03/14/opinions/jackson-mississippi-water-crisis-racism-and-poverty-merritt/index.html,us.cnn.com,['Opinion by Keri Leigh Merritt '],Opinion: Jackson water crisis shows Nina Simone is still right about Mississippi,2021-03-14T13:42:42+00:00,us,en,"The recent water crisis in Jackson, the state capital whose primarily Black residents went without access to water for weeks after a winter storm, has exposed the extent to which the Mississippi GOP is still propping up the shame of White supremacy by failing to act to address extreme poverty, writes historian Keri Leigh Merritt.",https://cdn.cnn.com/cnnnext/dam/assets/210313144035-merritt-jackson-opinion-super-tease.jpg,"Keri Leigh Merritt is a historian, writer and filmmaker from Atlanta. She is the author of ""Masterless Men: Poor Whites and Slavery in the Antebellum South."" Follow her @KeriLeighMerrit . The views expressed here are her own. View more opinion on CNN ... [+4804 chars]"
13,https://www.cbsnews.com/video/mississippi-faces-water-crisis-after-brutal-winter-storm/,cbsnews.com,['CBS News'],Mississippi faces water crisis after brutal winter storm,2021-03-02T01:09:24+00:00,us,en,"Residents in Jackson, Mississippi, have been without clean drinking water since a mid-February storm. Thousands more have no water at all. Janet Shamlian reports.",https://cbsnews2.cbsistatic.com/hub/i/r/2021/03/02/f1283561-35bc-42ff-8b10-f6110fedd8c8/thumbnail/1200x630/cf4301546751add3962495a7a90a5aa0/cbsn-fusion-mississippi-faces-water-crisis-after-brutal-winter-storm-thumbnail-656499-640x360.jpg,"Residents in Jackson, Mississippi, have been without clean drinking water since a mid-February storm. Thousands more have no water at all. Janet Shamlian reports."
14,https://www.essence.com/news/tens-of-thousands-of-jackson-mississippi-residents-still-without-water/,essence.com,['Ashlee Banks'],"Tens of Thousands of Jackson, Mississippi Residents Still Without Water",2021-03-02T01:59:54+00:00,us,en,"“I am begging the national media to please pay attention. There is a crisis happening in Jackson.” - Angie Thomas, New York Times bestselling author",https://www.essence.com/wp-content/uploads/2021/03/water-is-life-900x600.jpg,"Thousands of residents in the predominately Black city of Jackson, Mississippi have gone without running water for nearly two weeks after an icy winter storm swept through the deep South, knocking out power and water in some areas. Jackson is current ... [+1849 chars]"
15,https://thegrio.com/2021/03/02/mississippi-has-gone-2-weeks-without/,thegrio.com,['Ny Magee'],Mississippi has gone 2 weeks without safe drinking water since storm,2021-03-03T01:10:52+00:00,us,en,"Thousands of residents in Jackson, Mississippi are still without running water since the winter storm paralyzed the city in February.",https://thegrio.com/wp-content/uploads/2021/03/pjimage-2021-03-02T175023.832.jpg,"Mississippi has gone 2 weeks without safe drinking water since storm

Thousands of residents in Jackson, Mississippi are still without running water since the winter storm paralyzed the city in February.

The storm caused long-term damage in several  ... [+3178 chars]"
16,https://www.nba.com/pelicans/new-orleans-pelicans-donating-bottled-water-jackson-mississippi,nba.com,['hvalier'],"donating bottled water to Jackson, Mississippi",2021-03-01T22:13:34+00:00,us,en,"The New Orleans Pelicans are donating 2 shipments of bottled water to the residents of Jackson, MS due to the ongoing water crisis. The two truckloads will be delivered within 24 hours and distribution of the cases of bottled water will be handled by the city of Jackson.This comes after residents have been without running water for nearly 2 weeks as the city deals with water",https://www.nba.com/pelicans/sites/pelicans/files/1920-player-page-generic2.jpg?cw=700&ch=500&w=1109&h=500&x=205&y=0,"The New Orleans Pelicans are donating 2 shipments of bottled water to the residents of Jackson, MS due to the ongoing water crisis. The two truckloads will be delivered within 24 hours and distribution of the cases of bottled water will be handled by ... [+140 chars]"
18,https://napavalleyregister.com/news/national/official-less-than-5-000-customers-without-water-in-jackson/article_8e985fbf-3c2a-52c3-9e54-476e71c03f2a.html,napavalleyregister.com,['LEAH WILLINGHAM Associated Press/Report for America'],"Fewer than 5,000 customers without water in Jackson",2021-03-04T23:00:00+00:00,us,en,"JACKSON, Miss. (AP) — Fewer than 5,000 water customers were still without service Friday afternoon in Mississippi’s capital city of Jackson — a development a top official called “positive progress”",https://bloximages.chicago2.vip.townnews.com/napavalleyregister.com/content/tncms/assets/v3/editorial/2/1d/21db08fd-68b2-5146-8bf1-f9637463ea92/60426af461969.image.jpg?crop=1763%2C992%2C0%2C91&resize=1120%2C630&order=crop%2Cresize,"Jackson Mayor Chokwe Antar Lumumba said that the water crisis has been caused in part because of decades of neglect regarding the city's aging infrastructure. Parts of Jackson's water system are a century old, he said.

A major factor impacting the c ... [+1380 chars]"
21,https://www.theroot.com/from-shreveport-to-jackson-water-woes-reveal-infrastru-1846417315#replies,theroot.com,['Terrell Jermaine Starr'],"From Shreveport to Jackson, Water Woes Reveal Infrastructure and Racism Inextricably Linked",2021-03-05T19:28:00+00:00,us,en,"Many residents in Jackson, Miss., are closing out their third week without clean water after record-breaking freezing temperatures froze plant equipment and burst much of the city’s water pipe systems in the state’s largest city.","https://i.kinja-img.com/gawker-media/image/upload/c_fill,f_auto,fl_progressive,g_center,h_675,pg_1,q_80,w_1200/xzf4pieiacpgkg4x8iat.jpg","Many residents in Jackson, Miss., are closing out their third week without clean water after record-breaking freezing temperatures froze plant equipment and burst much of the city’s water pipe systems in the state’s largest city.



Activists on the  ... [+8152 chars]"
22,https://thegrio.com/2021/03/08/volunteers-distribute-water-food-jackson/,thegrio.com,['Blue Telusma'],"Volunteers distribute water, food to Jackson residents as shortage continues",2021-03-08T23:13:44+00:00,us,en,"Sunday morning, Governor Tate Reeves conceded that these current water issues were inevitable and have been in the making for decades.",https://thegrio.com/wp-content/uploads/2021/03/080320211615243469-1-scaled.jpg,"Parts of Jackson, Mississippi – an area in which is 80% of the residents are Black – have gone without running water since mid-February.

According to local reports, while city officials said most of the city has seen its water restored, some areas l ... [+3233 chars]"
23,https://www.clarionledger.com/story/news/2021/04/14/white-house-plan-would-pump-billions-into-ms-roads-bridges-water/7191181002/,clarionledger.com,['Justin Vicory'],Billions slated for Mississippi in White House infrastructure plan,2021-04-14T16:38:42+00:00,us,en,Billions slated for Mississippi in White House infrastructure plan  Jackson Clarion Ledger,"https://www.gannett-cdn.com/presto/2021/03/04/PJAM/9a5b9b6c-e5f4-4b70-820f-71b0b1fe2a73-Goodsam.water07.jpg?crop=2999,1687,x0,y148&width=1600&height=800&fit=bounds","The state of Mississippi would see billions of dollars for a wide range of infrastructure projects under a recently unveiled plan from the White House.

Under President Joe Biden’s American Jobs Plan, the White House is proposing about $2.3 trillion  ... [+2995 chars]"
24,https://www.dailykos.com/stories/2021/3/1/2018767/-Here-s-what-you-need-to-know-about-the-water-crisis-in-Jackson-Mississippi,dailykos.com,[],"Here's what you need to know about the water crisis in Jackson, Mississippi",2021-03-01T00:00:00+00:00,us,en,"Between the ongoing COVID-19 pandemic, the recent storms and subsequent power and heat outages in Texas, and the seemingly endless hate spewing out of members of the GOP, it can be hard to keep track of stories that don’t always get the national media...",https://images.dailykos.com/images/922685/story_image/screenshot-www.youtube.com-2021.03.01-15_52_24.png?1614632060,"As of Sunday, teams started opening fire hydrants in some neighborhoods to move things along. Why? In simple terms, Williams explained, “A lot of times when you lose system pressure, a lot of air gets in the line. So, as we're trying to push more wat ... [+3209 chars]"
28,https://www.news4jax.com/news/politics/2021/03/03/weeks-after-storms-water-crisis-continues-in-mississippi/,news4jax.com,"['Jeff Martin, Leah Willingham And Emily Wagster Pettus', 'Associated Press', 'Jeff Martin, Leah Willingham And Emily Wagster Pettus, Associated Press']","Water crisis continues in Mississippi, weeks after cold snap",2021-03-03T14:18:33+00:00,us,en,"Mississippi's largest city is still struggling with water problems, more than two weeks after winter storms and freezing weather ravaged the system.",https://www.news4jax.com/resizer/Lz8oGoUqmIfVvyI7l1HN-mnNDPk=/1600x1066/smart/filters:format(jpeg):strip_exif(true):strip_icc(true):no_upscale(true):quality(65)/cloudfront-us-east-1.images.arcpublishing.com/gmg/XFKGWTWMFBBXXA4XX633YBDUBA.jpg,"JACKSON, Miss. – Mississippi’s largest city is still struggling with water problems more than two weeks after winter storms and freezing weather ravaged the system in Jackson, knocking out water for drinking and making it impossible for many to even  ... [+4724 chars]"
29,https://www.mysanantonio.com/news/article/Salvation-Army-leader-to-leave-Mississippi-for-16204161.php,mysanantonio.com,[],Salvation Army leader to leave Mississippi for Alabama post,2021-05-26T13:14:51+00:00,us,en,Salvation Army leader to leave Mississippi for Alabama post  mySanAntonio.com,https://www.mysanantonio.com/img/pages/article/opengraph_default.jpg,"JACKSON, Miss. (AP) — The leader of the Salvation Army of Jackson is moving to a new post with the organization in Alabama.

Major Robert Lyle is leaving Mississippi to serve as an area commander for the charity organization’s Birmingham, Alabama bra ... [+323 chars]"
34,https://journalgazette.net/news/us/20210303/weeks-after-storms-water-crisis-continues-in-mississippi,journalgazette.net,[],"Weeks after storms, water crisis continues in Mississippi | US | Journal Gazette",2021-03-03T00:00:00+00:00,us,en,"Frustrations are mounting in Mississippi’s largest city, more than two weeks since winter storms and freezing weather ravaged the city’s water system.",https://121-jgweb.newscyclecloud.com/storyimage/JG/20210303/WEB/303039834/AR/0/AR-303039834.jpg,"JACKSON, Miss. – Frustrations are mounting in Mississippi’s largest city, more than two weeks since winter storms and freezing weather ravaged the city’s water system — knocking out water for drinking and making it impossible for many to even flush t ... [+1548 chars]"
36,https://www.usnews.com/news/best-states/alabama/articles/2021-05-26/salvation-army-leader-to-leave-mississippi-for-alabama-post,usnews.com,['Associated Press'],Salvation Army Leader to Leave Mississippi for Alabama Post,2021-05-26T13:09:00+00:00,us,en,Salvation Army Leader to Leave Mississippi for Alabama Post  U.S. News & World Report,,"JACKSON, Miss. (AP) — The leader of the Salvation Army of Jackson is moving to a new post with the organization in Alabama.

Major Robert Lyle is leaving Mississippi to serve as an area commander for the charity organization’s Birmingham, Alabama bra ... [+458 chars]"
37,https://www.nbcnews.com/nightly-news/video/mississippi-facing-water-crisis-after-winter-storm-101977157603,nbcnews.com,['NBCNews.com'],Mississippi facing water crisis after winter storm,2021-03-03T23:46:53+00:00,us,en,"Nearly 200,000 residents of Jackson, Mississippi have been without drinkable water since mid-February when a sudden freeze hit the city’s aging water pipes.",https://media13.s-nbcnews.com/j/MSNBC/Components/Video/202103/nn_mra_mississippi_water_crisis_210303_1614816996798.nbcnews-fp-1200-630.jpg,House passes George Floyd Justice in Policing Act in aim to establish national standard for police
38,https://www.nbcmiami.com/news/national-international/end-in-sight-for-mississippi-residents-who-have-been-without-water-for-weeks/2398911/?_osource=db_npd_nbc_wtvj_twt_shr,nbcmiami.com,['Leah Willingham'],End in Sight for Mississippi Residents Who Have Been Without Water for Weeks,2021-03-05T12:56:21+00:00,us,en,Crews continued working Friday to restore water to thousands of customers in Mississippi’s capital city,https://i0.wp.com/media.nbcmiami.com/2021/03/Mississippi-Water.png?quality=85&resize=1200%2C675&strip=all&ssl=1,"Crews continued working Friday to restore water to thousands of customers in Mississippi’s capital city of Jackson, where some taps have been completely dry for nearly three weeks.

“A lot of our residents have just had to endure this water outage, a ... [+3253 chars]"
40,https://www.washingtontimes.com/news/2021/mar/20/how-one-jackson-woman-helped-neighbors-amid-a-cris/,washingtontimes.com,"['BRIAN BROOM, The Clarion-Ledger', 'The Washington Times http://www.washingtontimes.com']",How one Jackson woman helped neighbors amid a crisis,2021-03-20T09:38:09+00:00,us,en,"Betty Johnson, the pastor of a Jackson church, knows how important it is to reach out to people in time of need.",,"JACKSON, Miss. (AP) - Betty Johnson, the pastor of a Jackson church, knows how important it is to reach out to people in time of need.

Right now, amid the Jackson water crisis that has left some residents without water for more than two weeks follow ... [+3646 chars]"
41,https://www.msnbc.com/katy-tur/watch/when-will-jackson-ms-residents-get-their-water-back-101792837985,msnbc.com,['MSNBC.com'],"When will Jackson, MS, residents get their water back?",2021-03-01T20:47:58+00:00,us,en,"Some residents of Jackson, Mississippi, have been without water for 14 days. So who is to blame? Mayor of Jackson, Mississippi, Chokwe Antar Lumbumba joins Katy Tur to discuss.",https://media12.s-nbcnews.com/j/MSNBC/Components/Video/202103/1614631611397_n_tur_jackson_210301_1920x1080.nbcnews-fp-1200-630.jpg,Meet the NJ plumbers who went to Texas to help during power crisis
42,https://www.usatoday.com/story/news/nation/2021/03/14/jackson-ms-water-crisis-aging-systems-lead-decades-headaches/4685706001/,usatoday.com,"['Keith Sharon', 'Keisha Rowe']","Crumbling infrastructure leaves water buckets, boil water notices, as a way of life for some in Mississippi's capital",2021-03-14T10:00:58+00:00,us,en,Storms that hit the South in mid-February only served to highlight a problem Jackson residents have faced for decades: a water system on the brink.,"https://www.gannett-cdn.com/presto/2021/03/09/PJAM/bd3b3bf2-5aa8-4b82-9fdc-9e7a8a946235-water.Brooks17.jpg?crop=2999,1687,x0,y125&width=1600&height=800&fit=bounds","Jackson, MISS. -- Less than two miles from the Mississippi's Capitol building, an elderly Black man hoards water.

James Brooks, 78, keeps rows of plastic containers of water at his Jackson home filled with varying shades of gray, yellow and brown wa ... [+10548 chars]"
43,http://news-gazette.com/news/nation-world/southern-cities-hit-hard-by-storms-face-new-crisis-no-water/article_2cdaa4c7-52a1-5fb3-9f74-e2c48daae4b6.html,news-gazette.com,"['ADRIAN SAINZ, PAUL J. WEBER and ACACIA CORONADO Associated Press']",Southern cities hit hard by storms face new crisis: No water,2021-02-19T00:00:00,us,en,"AUSTIN, Texas (AP) — Southern cities slammed by winter storms that left millions without power for days have traded one crisis for another: Busted water pipes ruptured by record-low temperatures",https://bloximages.newyork1.vip.townnews.com/news-gazette.com/content/tncms/custom/image/68b05672-ad7b-11e9-afff-4b84aba038ef.jpg,"AUSTIN, Texas (AP) — Southern cities slammed by winter storms that left millions without power for days have traded one crisis for another: Busted water pipes ruptured by record-low temperatures created shortages of clean drinking water, shut down th ... [+7486 chars]"
44,http://www.spokesman.com/stories/2021/feb/19/cities-slammed-by-winter-storms-face-new-crisis-no/,spokesman.com,['Paul J. Weber and Acacia Coronado'],Cities slammed by winter storms face new crisis: No water,2021-02-19T09:39:00+00:00,us,en,"States slammed by winter storms that left millions without power for days have traded one crisis for another: Broken water pipes brought on by record-low temperatures have created a shortage of clean drinking water, shut down airports on Friday and left hospitals scrambling.",https://thumb.spokesman.com/uX1fVD3A7wIGzTe_B9ZGhCUIxDA=/600x0/media.spokesman.com/graphics/2018/07/sr_placeholder.png,"AUSTIN, Texas ) — Southern cities slammed by winter storms that left millions without power for days have traded one crisis for another: Busted water pipes ruptured by record-low temperatures created shortages of clean drinking water, shut down the M ... [+6779 chars]"
45,https://us.cnn.com/2021/03/02/opinions/texas-winter-storm-jackson-mississippi-water-racism-joseph/index.html,us.cnn.com,['Opinion by Peniel E. Joseph '],Opinion: What's happening in Texas and Mississippi has to stop,2021-03-02T22:54:09+00:00,us,en,Peniel Joseph says the winter storm aftermath in Texas and Mississippi that has disproportionately hit Black and Latinx communities and left many still without access to clean water is one facet of a decades-long national crisis of race and democracy.,https://cdn.cnn.com/cnnnext/dam/assets/210218165824-03-winter-weather-mississippi-0218-super-tease.jpg,"Peniel E. Joseph is the Barbara Jordan chair in ethics and political values and the founding director of the Center for the Study of Race and Democracy at the LBJ School of Public Affairs at the University of Texas at Austin, where he is also a profe ... [+6955 chars]"
46,https://www.dailykos.com/stories/2021/4/1/2023763/-How-Black-Mississippians-found-their-power-during-Jackson-s-water-emergency,dailykos.com,[],How Black Mississippians found their power during Jackson’s water emergency,2021-04-01T00:00:00+00:00,us,en,"After the water stopped flowing, a grassroots effort in Jackson is organizing the Black community for future climate and political crises. By Frances Madeson, for Capital and Main After two weeks of taking sponge baths, Kalif Wilkes lingered in a long,...",https://images.dailykos.com/images/932750/story_image/Jackson_CapitalAndMain2.jpg?1617235430,"With a largely white Republican state leadership withholding resources to the Black and Democrat majority city, Jackson has long struggled with how to pay to repair its dilapidated water infrastructure, which even before the burdens of climate change ... [+9428 chars]"
50,https://www.clarionledger.com/story/news/local/2021/04/14/former-jackson-councilman-frank-bluntson-85-ward-4-dies/7218073002/,clarionledger.com,['Justin Vicory'],'A pillar of our community': Former Jackson Councilman Frank Bluntson dies at age 85,2021-04-14T13:24:43+00:00,us,en,'A pillar of our community': Former Jackson Councilman Frank Bluntson dies at age 85  Clarion Ledger,"https://www.gannett-cdn.com/presto/2021/04/14/PJAM/70fdc9ed-1afb-40cb-b3d9-a2aadb261abe-frank-bluntson-1618367920.jpg?crop=766,431,x1,y0&width=1600&height=800&fit=bounds","Former Jackson City Councilman Frank Bluntson died Monday, according to friends and family members. He was 85.

Bluntson represented the city's Ward 4 from 2005 to 2013 and served several years as president of the city council. In 2013, he ran for ma ... [+1327 chars]"
52,https://www.usatoday.com/story/news/nation/2021/03/06/jackson-mississippi-water-crisis-no-end-sight/4609387001/,usatoday.com,"['Justin Vicory', 'Keisha Rowe']","Mississippi's capital city hasn't had clean water in weeks, and there's no end in sight",2021-03-06T16:18:21+00:00,us,en,Answers are few and far between as Mississippi's capital enters a third week without clean water after the winter storms that tore through the South.,"https://www.gannett-cdn.com/presto/2021/02/26/PJAM/a4be329b-1a8e-41bb-a925-2bffea4d3ff2-water.main.break10.jpg?crop=2999,1687,x0,y224&width=1600&height=800&fit=bounds","JACKSON, Miss. – Nearly three weeks after winter storms cut water to customers on Jackson's water system, some haven't seen as much as a trickle return.

What is there cannot be used to brush teeth, wash dishes or hands.

Taking a shower has also bec ... [+9664 chars]"
53,https://scpr.org/news/2021/03/03/96874/like-peanut-brittle-mississippi-water-crisis-highl/,scpr.org,['Southern California Public Radio'],Like 'Peanut Brittle': Mississippi Water Crisis Highlights Infrastructure Problems,2021-03-03T10:00:09+00:00,us,en,,https://a.scpr.org/i/cea3e3eb9b480f63a9ca94faa2857154/231960-full.jpg,"Many residents of Jackson, Miss., remain without running water three weeks after a winter storm hit the city.

The water outages in Jackson began Feb. 15 as a winter storm swept across the state. The storm brought devastating, bitter cold to the Sout ... [+1944 chars]"
56,https://www.buzzfeednews.com/article/briannasacks/jackson-water-crisis-costs?origin=web-hf,buzzfeednews.com,['Brianna Sacks'],"In Jackson, Mississippi, You Can Go Into Debt Trying To Take A Shower",2021-04-07T21:31:35+00:00,us,en,“It’s everyday life to me. I don’t know how else to describe it because I am so used to surviving that way.”,https://img.buzzfeed.com/buzzfeed-static/static/2021-04/7/22/campaign_images/385d06f95512/in-jackson-mississippi-you-can-go-into-debt-tryin-2-1284-1617835526-26_dblbig.jpg?resize=1200:*,"“It’s everyday life to me. I don’t know how else to describe it because I am so used to surviving that way.”

When the water in Jackson, Mississippi, shut off, Gwen Robinson and her daughters tried to cope by getting creative. They avoided using the  ... [+13276 chars]"
58,https://www.twincities.com/2021/02/18/some-electricity-restored-in-texas-but-water-woes-persist/,twincities.com,['Associated Press'],"Some electricity restored in Texas, but water woes grow",2021-02-19T00:54:54+00:00,us,en,"Some electricity restored in Texas, but water woes grow",https://www.twincities.com/wp-content/uploads/2021/02/AP21048669515146-1-e1613651880370.jpg?w=1024&h=576,"AUSTIN, Texas (AP) — Power was restored to more homes and businesses Thursday in states hit by a deadly blast of winter that overwhelmed the electrical grid and left millions shivering in the cold this week. But the crisis was far from over in parts  ... [+7543 chars]"
59,https://yallpolitics.com/2021/06/18/yp-daily-roundup-6-18-21/,yallpolitics.com,[],YP Daily Roundup 6/18/21 | Mississippi Politics and News,2021-06-18T11:50:21+00:00,us,en,YP Daily Roundup 6/18/21 | Mississippi Politics and News  Yall Politics,https://yallpolitics.com/wp-content/uploads/2021/06/2021-DR-7.png,"Stay up-to-date on what’s in the news with the Y’all Politics Daily Roundup.

YP – Governor Reeves: State of emergency over COVID-19 in effect to ensure National Guard gets paid

On Wednesday, Mississippi Speaker of the House Philip Gunn sent a lette ... [+5882 chars]"
60,https://www.reviewjournal.com/news/nation-and-world/water-troubles-rise-in-south-as-power-outages-reduced-2284345/,reviewjournal.com,['Associated Press'],"Texas, Southern cities hit hard by water troubles after storms",2021-02-19T12:44:59+00:00,us,en,Southern cities slammed by winter storms that l eft millions without power for days have traded one crisis for another: Busted water pipes ruptured by record-low temperatures created shortages of clean drinking water.,https://www.reviewjournal.com/wp-content/uploads/2021/02/austinwater2.jpg,"Southern cities slammed by winter storms that l eft millions without power for days have traded one crisis for another: Busted water pipes ruptured by record-low temperatures created shortages of clean drinking water.

AUSTIN, Texas — Southern cities ... [+6907 chars]"
62,http://www.wral.com/power-outages-linger-for-millions-as-another-icy-storm-looms/19533079/,wral.com,['WRAL'],"Some electricity restored in Texas, but water woes grow ::",2021-02-19T01:46:06+00:00,us,en,"Power was restored to more homes and businesses Thursday in states hit by a deadly blast of winter that overwhelmed the electrical grid and left millions shivering in the cold this week. But the crisis was far from over in parts of the South, where many people still lacked safe drinking water.",https://wwwcache.wral.com/asset/news/greenguide/2021/02/18/19533482/602e55e832238-media_6f8eedb53ae04a099c9442ce63012101-DMID1-5px03qrhs-640x480.jpg,"— Power was restored to more homes and businesses Thursday in states hit by a deadly blast of winter that overwhelmed the electrical grid and left millions shivering in the cold this week. But the crisis was far from over in parts of the South, where ... [+7524 chars]"
63,http://www.wral.com/lights-come-back-on-in-texas-as-water-woes-rise-in-the-south/19535031/,wral.com,['WRAL'],Lights come back on in Texas as water woes rise in the South ::,2021-02-19T13:15:21+00:00,us,en,"Many of the millions of Texans who lost power for days after a deadly winter blast overwhelmed the electric grid now have it back, but the crisis was far from over in parts of the South, with many people lacking safe drinking water.",https://wwwcache.wral.com/asset/news/greenguide/2021/02/18/19534377/602ed87529f91-media_1df2842a87d0453f8dd5cb0948913b2d-DMID1-5px5mpqke-640x480.jpg,"— Many of the millions of Texans who lost power for days after a deadly winter blast overwhelmed the electric grid now have it back, but the crisis was far from over in parts of the South, with many people lacking safe drinking water.

Nearly 185,000 ... [+5642 chars]"
65,https://www.insider.com/hundreds-of-thousands-of-southerners-still-dont-have-clean-water-2021-3,insider.com,['Erin Snodgrass'],"2 weeks after a major winter storm, hundreds of thousands of people in the South still don't have clean water",2021-03-03T02:31:45+00:00,us,en,"Residents have resorted to using donated bottled water to drink, bathe themselves, and flush their toilets, as the region works to recover.",https://i.insider.com/603eb62db46d720018b0479b?width=1200&format=jpeg,"
• A rare winter storm battered the South in mid-February, leaving millions without power and water.
• Two weeks later, hundreds of thousands of people still don't have clean drinking water.
• City and state officials are asking for more federal assi ... [+3639 chars]"
68,https://www.theguardian.com/us-news/2021/apr/20/us-women-clean-water-sanitation-fight,theguardian.com,['Guardian staff reporter'],‘Water warriors’: the US women banding together to fight for water justice,2021-04-20T04:00:00+00:00,us,en,‘Water warriors’: the US women banding together to fight for water justice  The Guardian,https://i.guim.co.uk/img/media/40972f821c80c415d0e54cbd96b060dcf63617a2/0_508_6022_3612/master/6022.jpg?width=1200&height=630&quality=85&auto=format&fit=crop&overlay-align=bottom%2Cleft&overlay-width=100p&overlay-base64=L2ltZy9zdGF0aWMvb3ZlcmxheXMvdGctZGVmYXVsdC5wbmc&enable=upscale&s=9645db3ba42dd3fc2d4f4e0c1e11909b,"Deanna Miller Berry first learned of the scores of complaints about Denmark, South Carolina’s water supply, during her 2017 mayoral campaign.

For at least a decade, residents of the rural, predominantly Black and lower-income town “knew something wa ... [+6272 chars]"
69,https://www.nbcchicago.com/news/national-international/crisis-in-texas-power-outages-persist-as-water-food-shortages-mount/2441478/,nbcchicago.com,"['Paul J. Weber,Jill Bleed']","Crisis in Texas: Some Electricity Restored, But Water Woes Persist",2021-02-18T10:53:33+00:00,us,en,"Power was restored to more Texans on Thursday, with fewer than a half-million homes remaining without electricity, and many still were without safe drinking...",https://i1.wp.com/media.nbcchicago.com/2021/02/AP_21049710133320.jpg?resize=1200%2C675&quality=85&strip=all&ssl=1,"Power was restored to more homes and businesses Thursday in states hit by a deadly blast of winter that overwhelmed the electrical grid and left millions shivering in the cold this week. But the crisis was far from over in parts of the south, where m ... [+7378 chars]"
78,https://myrgv.com/wire/state/2021/02/18/texas-outages-below-half-million-but-water-crisis-persists/,myrgv.com,[''],Some power restored in Texas but water woes persist,2021-02-18T22:45:03+00:00,us,en,Some power restored in Texas but water woes persist,https://myrgv.com/wp-content/uploads/2021/02/AP21049606721998.jpg,"By PAUL J. WEBER and JILL BLEED Associated Press

AUSTIN, Texas (AP) — Power was restored to more homes and businesses in Texas on Thursday after a deadly blast of winter this week overwhelmed the electrical grid and left millions shivering in the co ... [+6622 chars]"
79,https://journalgazette.net/news/us/20210220/Winter-storms-bring-water-shortage,journalgazette.net,[],Winter storms bring water shortage | US | Journal Gazette,2021-02-20T00:00:00+00:00,us,en,"AUSTIN, Texas – Southern cities slammed by winter storms that left millions without power for days have traded one crisis for another: Busted wa ...",https://121-jgweb.newscyclecloud.com/storyimage/jg/20210220/ARTICLE/210229988/AR/0/AR-210229988.jpg,"AUSTIN, Texas – Southern cities slammed by winter storms that left millions without power for days have traded one crisis for another: Busted water pipes ruptured by record-low temperatures created shortages of clean drinking water, shut down the Mem ... [+4218 chars]"
80,https://www.news-gazette.com/news/nation-world/the-latest-most-of-a-mississippi-city-is-without-water/article_fe5073d9-f125-56f4-863c-14c36267a04c.html,news-gazette.com,[],The Latest: Most of a Mississippi city is without water,2021-02-18T00:00:00,us,en,The Latest on winter weather across the U.S. (all times local):,https://bloximages.newyork1.vip.townnews.com/news-gazette.com/content/tncms/custom/image/68b05672-ad7b-11e9-afff-4b84aba038ef.jpg,"The Latest on winter weather across the U.S. (all times local):

JACKSON, Miss. — Almost all of Jackson, a city of around 150,000 people, is now without water, Mayor Chokwe Antar Lumumba said.

Lumumba said public works crews are working to pump as m ... [+12650 chars]"
83,https://voanews.com/usa/power-largely-restored-texans-now-face-lack-safe-water,voanews.com,[],"With Power Largely Restored, Texans Now Face Lack of Safe Water",2021-02-15T00:00:00+00:00,us,en,"Millions of Texans have had their power restored days after demand during a severe winter storm overwhelmed the electrical grid, but now they face a new challenge: a lack of safe drinking water.

Late Thursday, The Associated Press reported that 1,000 of the state’s water systems and 177 of the state’s 254 counties reported disruptions caused by the brutal cold. More than 14 million people were affected, according to the Texas Commission on Environmental Quality.

Meanwhile, U.S.",https://im-media.voltron.voanews.com/Drupal/01live-166/2021-02/AP21050661119982.jpg,"Millions of Texans have had their power restored days after demand during a severe winter storm overwhelmed the electrical grid, but now they face a new challenge: a lack of safe drinking water.

Late Thursday, The Associated Press reported that 1,00 ... [+3790 chars]"
89,https://www.news-gazette.com/news/nation-world/lights-come-back-on-in-texas-as-water-woes-rise-in-the-south/article_2cdaa4c7-52a1-5fb3-9f74-e2c48daae4b6.html,news-gazette.com,['PAUL J. WEBER and JILL BLEED Associated Press'],Lights come back on in Texas as water woes rise in the South,2021-02-19T00:00:00,us,en,"AUSTIN, Texas (AP) — Many of the millions of Texans who lost power for days after a deadly winter blast overwhelmed the electric grid now have it back, but the",https://bloximages.newyork1.vip.townnews.com/news-gazette.com/content/tncms/custom/image/68b05672-ad7b-11e9-afff-4b84aba038ef.jpg,"AUSTIN, Texas (AP) — Many of the millions of Texans who lost power for days after a deadly winter blast overwhelmed the electric grid now have it back, but the crisis was far from over in parts of the South, with many people lacking safe drinking wat ... [+5482 chars]"
92,https://www.wglt.org/post/what-we-talk-about-when-we-talk-about-infrastructure,wglt.org,['Avery Kleinman'],What We Talk About When We Talk About Infrastructure,2021-04-13T19:09:23+00:00,us,en,What We Talk About When We Talk About Infrastructure  WGLT News,https://mediad.publicbroadcasting.net/p/shared/npr/styles/medium/nprshared/202104/986886523.jpg,"On his 81st day in office, a bipartisan group of eight lawmakers from both the Senate and the House gathered inside the Oval Office to meet with President Joe Biden. They were there to discuss his massive infrastructure plan.

It will cost 2 trillion ... [+767 chars]"
93,https://www.dailykos.com/story/2021/3/1/2018790/-Overnight-News-Digest-Water-Crisis-in-South-Continues-Edition,dailykos.com,[],Overnight News Digest: Water Crisis in South Continues Edition,2021-03-01T00:00:00+00:00,us,en,"Welcome to the Overnight News Digest with a crew consisting of founder Magnifico, regular editors side pocket, maggiejean, Chitown Kev, eeff, Magnifico, annetteboardman, Besame and jck. Alumni ...",https://images.dailykos.com/images/797652/story_image/unnamed.jpg?1587929719,"Hundreds of thousands of residents in the South are still dealing with the after effects of two devastating winter storms as cities struggle to provide drinking water. Residents in Jackson, Mississippi, are still under a boil water alert, and some re ... [+11781 chars]"
97,https://ktar.com/story/4093989/southern-exposure-cold-wreaks-havoc-on-aging-waterworks/?show=comments#comments,ktar.com,[],Southern exposure: Cold wreaks havoc on aging waterworks,2021-02-25T08:06:59+00:00,us,en,"JACKSON, Miss. (AP) -- The sunshine is back and the ice has melted. But more than a week after a deep freeze across the South, many communities are still",https://ktar.com/wp-content/uploads/2020/01/2019.12-KTAR-Listen-Live-Twitter_Facebook-Image.jpg,"JACKSON, Miss. (AP) — The sunshine is back and the ice has melted. But more than a week after a deep freeze across the South, many communities are still grappling with getting clean water to their citizens.

For years, experts have warned of the need ... [+6148 chars]"
